<connectorMetaData path="dicom">
	<name>DICOM Listener</name>
	<author>NextGen Healthcare</author>
	<pluginVersion>4.5.2</pluginVersion>
	<mirthVersion>4.5.2</mirthVersion>
	<url>http://www.nextgen.com</url>
	<description>This connector allows Mirth Connect to listen for incoming messages over a standard TCP connection.</description>
	<clientClassName>com.mirth.connect.connectors.dimse.DICOMListener</clientClassName>
	<serverClassName>com.mirth.connect.connectors.dimse.DICOMReceiver</serverClassName>
	<sharedClassName>com.mirth.connect.connectors.dimse.DICOMReceiverProperties</sharedClassName>
	<library type="CLIENT" path="dicom-client.jar" />
	<library type="SHARED" path="dicom-shared.jar" />
	<library type="SHARED" path="lib/dcm4che-core-2.0.29.jar" />
	<library type="SERVER" path="dicom-server.jar" />
	<library type="SERVER" path="lib/jai_imageio.jar" />
	<library type="SERVER" path="lib/dcm4che-net-2.0.29.jar" />
	<library type="SERVER" path="lib/dcm4che-tool-dcmrcv-2.0.29.jar" />
	<library type="SERVER" path="lib/dcm4che-tool-dcmsnd-2.0.29.jar" />
	<library type="SERVER" path="lib/dcm4che-filecache-2.0.29.jar" />
	<transformers></transformers>
	<protocol>dicom</protocol>
	<type>SOURCE</type>
</connectorMetaData>
